AuthorID,Author,Date,Content,Attachments,Reactions
"702264277326626878","tristan0x","2023-02-04T10:41:23.1680000+00:00","For those who want to get kickstarted with market making on Zeta we have a few awesome resources for you!

1. Market Maker Rewards - incentives to start market making, as well as **zero** maker fees
 https://docs.zeta.markets/zeta-protocol/rewards-programs/market-maker-rewards

2. Open sourced market maker implementation (Typescript)
https://github.com/zetamarkets/zeta-market-maker","","🔥 (2)"
"568581229759430666","cited","2023-02-06T01:08:48.3540000+00:00","is there a way to see how much volume youve done?","",""
"888945548990746645","zeroxdean","2023-02-06T01:10:53.8900000+00:00","Yup! Use this and enter your address at the back after user= : http://rewards-dash.zeta.markets/public/dashboard/cac66335-e773-4f19-81ca-a55ff7804d07?epoch=thisweek&user=","",""
"568581229759430666","cited","2023-02-06T01:13:22.0150000+00:00","Can you explain to me the Taker Rewards Over Time again? Sorry.","",""
"888945548990746645","zeroxdean","2023-02-06T01:16:17.5240000+00:00","Of course! It shows your historical rewards earned over epochs 🙂","",""
"568581229759430666","cited","2023-02-06T01:19:05.3170000+00:00","Oh so that means I got paid this before?","",""
"888945548990746645","zeroxdean","2023-02-06T01:26:48.0700000+00:00","Yes you can check here to see if you had any pending rewards: https://dex.zeta.markets/rewards","",""
"568581229759430666","cited","2023-02-06T01:48:52.6850000+00:00","thank u. i hope an egirl licks ur feet and rubs ur shoulders tonight","","bongocatlove (5)"
"888945548990746645","zeroxdean","2023-02-06T01:54:15.2460000+00:00","Anytime! 🫡  
Ohhhh 👀","",""
"702264277326626878","tristan0x","2023-02-06T04:01:44.3890000+00:00","lmfao","",""
"702264277326626878","tristan0x","2023-02-06T04:02:12.4730000+00:00","yeah if you have any further qs on that dash feel free to annoy me","",""
"702264277326626878","tristan0x","2023-02-06T04:02:24.8650000+00:00","happy to add in any suggestions etc.","",""
"337459215687745537","namhnguyen","2023-02-11T14:47:34.1760000+00:00","gm, can anyone help me with the devnet or testnet url?
I've tried with https://dex-devnet-webserver.zeta.markets/ and https://dex-devnet-webserver.zeta.markets:5002 but no luck","",""
"337459215687745537","namhnguyen","2023-02-11T14:48:36.3610000+00:00","ah, nvm, found it https://devnet.zeta.markets/","","👍 (1)"
"971458097866481685","cmsnow","2023-02-11T14:49:28.2750000+00:00","Hey @Nam H Nguyen, yeap, that's our devnet! Do let us know if you are facing any issues!","","👍 (1)"
"390081600441810944","redactedadrian","2023-02-16T21:11:50.9520000+00:00","Devnet can be a bit temperamental for market making just fyi","","👍 (1)"
"702264277326626878","tristan0x","2023-02-21T04:04:03.8650000+00:00","Btw FYI for those that haven't come across it we have a more comprehensive rewards dashboard for power users of the platform that you can find at http://rewards.zeta.markets

Eventually want to integrate all our analytics and dashboards into the product itself, but right now it's quicker to iterate and a bit more flexible for myself to add new features.

In terms of how to use the dash, you can input 1. the epoch to view (usually this week or last week) and 2. your pubkey (or you can leave this default blank to see all platform activity).

Feedback or questions appreciated!","https://cdn.discordapp.com/attachments/1034970938195841024/1077440545573589042/image.png?ex=66273333&is=6614be33&hm=32c9d279a0c7ddf9e2eb911df8b853d0bbc5d6141aa72b452f105aa687e5da60&","👏🏻 (7),👍 (3)"
"886874021688385597","0xham3d","2023-03-31T06:46:01.7350000+00:00","How can I find the program contract address?","",""
"886874021688385597","0xham3d","2023-03-31T06:48:13.5350000+00:00","I can’t verify","",""
"1085963464197021777","cm.james","2023-03-31T06:48:36.9720000+00:00","for which aspect if i may ask","",""
"702264277326626878","tristan0x","2023-04-03T18:40:39.0990000+00:00","ZETAxsqBRek56DhiGXrn75yj2NHU3aYUnxvHXpkf3aD","",""
"917054128906207343","centermast","2023-04-14T12:50:18.9500000+00:00","Hey guys, I am using CellFi bot and I’m having issues removing it. They are blaming zeta for an error in call function and to ask Zeta to fix it. Any help here please?","",""
"971458097866481685","cmsnow","2023-04-14T12:51:28.8310000+00:00","Hey @0x , before I check with our devs, do you happen to know if the error lies with which call function?","",""
"917054128906207343","centermast","2023-04-14T15:22:58.3170000+00:00","I don’t know the actual function I’m just getting told this by CellFi devs and now they’re non responsive. So hoping maybe y’all can help me out?","",""
"971458097866481685","cmsnow","2023-04-14T15:28:34.9870000+00:00","Not sure how we can help you since no exact error report was shared but you could share any ss or image of convos you had with their devs?","",""
"917054128906207343","centermast","2023-04-14T19:33:28.8180000+00:00","Yes, I can. I’ll also provide the error in their dashboard. Would you prefer it via ticket or DM as to not post private convos?","",""
"846048194608496640","cm_sake","2023-04-14T19:45:28.5630000+00:00","You can share it by #✅┃open-a-ticket","",""
"917054128906207343","centermast","2023-04-14T19:50:51.3830000+00:00","This is obviously reasonable. Let me see what the error is returning and see if I can’t get you the exact error. I am away from PC. Trying to recreate on mobile.","","👍 (2)"
"846048194608496640","cm_sake","2023-04-14T19:51:42.5250000+00:00","Sure no problem. Do reach out to us once you find out the error they are referring to","",""
"823942006329180250","mash_ooma","2023-05-22T04:48:07.0590000+00:00","Hlo","",""
"1085963464197021777","cm.james","2023-05-22T04:48:57.4200000+00:00","hello there ser","",""
"971458097866481685","cmsnow","2023-06-27T14:28:49.1110000+00:00","https://www.theblock.co/post/236588/fidelity-preparing-to-submit-spot-bitcoin-etf-filing-source","","😎 (1)"
"702264277326626878","tristan0x","2023-06-28T04:49:38.4880000+00:00","another one...","",""
"1085963464197021777","cm.james","2023-06-28T04:50:03.9890000+00:00","last i heard people saying that once ETFs are up, it is the end of the run for BTC kek","",""
"971458097866481685","cmsnow","2023-07-05T07:56:48.9540000+00:00","Heard that too","",""
"399417101447593995","discash","2023-07-11T05:40:10.7570000+00:00","sirs, where can i find the trading fees?","",""
"399417101447593995","discash","2023-07-11T05:41:22.4170000+00:00","nvm, found it, ty sirs","",""
"390081600441810944","redactedadrian","2023-07-11T05:44:48.4780000+00:00","Reach out if you have any questions 🙂","",""
"399417101447593995","discash","2023-07-11T05:45:14.3160000+00:00","you got it sir","",""
"917054128906207343","centermast","2023-07-11T18:39:03.0470000+00:00","Did the cellfi team ever return?","",""
"159985870458322944","MEE6#4876","2023-07-11T18:39:03.3900000+00:00","GG @0x, you just advanced to level 3!","",""
"846048194608496640","cm_sake","2023-07-11T18:46:49.6190000+00:00","The team did reach out to cellfi but we haven't get any answer from them yet i believe","",""
"971458097866481685","cmsnow","2023-07-12T13:41:23.8420000+00:00","https://blog.chainalysis.com/reports/crypto-crime-midyear-2023-update-ransomware-scams/","",""
"242012119103569921","locke_za","2023-09-22T12:15:21.7220000+00:00","Are the market maker requirements flexible at all?","",""
"971458097866481685","cmsnow","2023-09-22T12:16:15.1910000+00:00","Hi @LockeZA, are you referring to the Market Maker Rewards requirement? https://docs.zeta.markets/zeta-protocol/rewards-programs/market-maker-rewards","","🫡 (1)"
"242012119103569921","locke_za","2023-09-22T12:18:36.1940000+00:00","Yes exactly, the 90% uptime with quoting 5k on either side within 40bps. If I were to for example have uptime of about 50% with 2k on either side within 40bps + have the most volume in the market, would I still be eligible for the reward?","",""
"971458097866481685","cmsnow","2023-09-22T12:19:49.6810000+00:00","Let me check for you on this to see if we are able to make any leeway with the MM requirements.","",""
"242012119103569921","locke_za","2023-09-22T12:20:22.0320000+00:00","Awesome, thank you 🙂","","💜 (1)"
"971458097866481685","cmsnow","2023-09-22T12:22:16.6200000+00:00","Will keep you posted!","","❤️ (1)"
"971458097866481685","cmsnow","2023-09-22T13:55:21.2480000+00:00","Hi @LockeZA, we will review our MM Uptime requirements. Stay tuned for now!","",""
"242012119103569921","locke_za","2023-09-22T14:44:01.2680000+00:00","That's great to hear - thanks for considering 🙏","","💜 (1),🤝 (1)"
"971458097866481685","cmsnow","2023-09-22T14:44:20.5370000+00:00","You're most welcome!","",""
"702264277326626878","tristan0x","2023-09-24T05:25:20.2750000+00:00","Hey thanks for the interest, at the moment the requirements are fairly static. However I'm debating whether to revamp our maker rewards program to make it more open to smaller market makers. This would be a score based on spread, depth, uptime and volume.","",""
"702264277326626878","tristan0x","2023-09-24T05:25:34.6330000+00:00","@LockeZA do you have tg would be happy to discuss with you more","",""
"846048194608496640","cm_sake","2023-09-24T17:39:41.7680000+00:00","Thanks for sharing your TG ID. Team will contact you shortly","","✅ (1)"
"702264277326626878","tristan0x","2023-09-27T09:49:54.2460000+00:00","Dm'ed","",""
"971458097866481685","cmsnow","2023-09-27T09:50:13.9070000+00:00","Thanks Tristan!","",""
"860392890752696320","jonzky","2023-10-17T03:18:26.3980000+00:00","hm is the minimum withdrawal?","",""
"1085963464197021777","cm.james","2023-10-17T03:26:02.0310000+00:00","replied in your ticket","","❤️ (1)"
"702264277326626878","tristan0x","2023-10-25T13:47:06.0330000+00:00","Cross posting this here in case it's interesting or helpful to anyone!
https://twitter.com/Tristan0x/status/1717118886972362918","",""
"702264277326626878","tristan0x","2023-10-25T13:47:24.1090000+00:00","Do bug me if anyone is interested in programmatic trading on Zeta using this SDK","",""
"702264277326626878","tristan0x","2023-10-25T13:47:35.5850000+00:00","Comes with pretty complete market making bot examples","","👏🏻 (2)"
"374342742006038546","doodle_jump","2023-11-12T23:46:56.1660000+00:00","anybody got any good ressources for market making? Tristan has a good bot id like to play around with it seeing as im a python dev.","","👍 (1)"
"846048194608496640","cm_sake","2023-11-12T23:56:00.3980000+00:00","This perhaps
https://docs.zeta.markets/build-with-zeta/typescript-sdk/perps-market-making-bot","",""
"702264277326626878","tristan0x","2023-11-13T09:20:04.8670000+00:00","yeah give the bot a crack! send over any qs if you have any","",""
"702264277326626878","tristan0x","2023-11-13T09:20:10.2230000+00:00","the code should be pretty simple","",""
"761066231922163713","darkar07","2023-11-15T05:54:30.0010000+00:00","hi market makers","","🫡 (3)"
"374342742006038546","doodle_jump","2023-11-22T20:16:11.6500000+00:00","yo @tristan0x have you ever heard of hummingbot ? some open source python and cpython market-making github repo. maybe worth a shot trying to integrate Zeta there?","",""
"702264277326626878","tristan0x","2023-11-24T07:43:23.5150000+00:00","yeah yeah I've used hummingbot before, their stuff is interesting for sure","",""
"702264277326626878","tristan0x","2023-11-24T07:43:33.9730000+00:00","oh yeah do you have links to the MM stuff?","",""
"702264277326626878","tristan0x","2023-11-24T07:44:37.9270000+00:00","would love to integrate just have not had time personally myself to code much these last few weeks","",""
"702264277326626878","tristan0x","2023-11-24T07:44:51.9670000+00:00","Would gladly consider putting up a grant or similar for it though","",""
"761066231922163713","darkar07","2023-11-26T09:46:46.9170000+00:00","yeah a community member can just easily add zeta to the exchange connectors at hummingbot. thats not a problem. rather than giving the grant for that, u can rather give it to people to build strategies involving zeta, like liq arb(we talked about this in tg), amm-clob arb, etc. u could also probably give X amount of z-score for it rather than a grant too","",""
"159985870458322944","MEE6#4876","2023-11-26T09:46:47.1690000+00:00","GG @karthik, you just advanced to level 2!","",""
"971458097866481685","cmsnow","2023-11-26T09:52:31.0390000+00:00","Z-Score instead of grant sounds like an interesting idea.","",""
"761066231922163713","darkar07","2023-11-26T09:58:38.6550000+00:00","yeap","",""
"814066524137848904",".0xblock","2023-12-07T03:20:09.2020000+00:00","GM frens","",""
"814066524137848904",".0xblock","2023-12-07T03:20:34.1570000+00:00","doed the bot from zeta market maker still work?","",""
"1085963464197021777","cm.james","2023-12-07T03:21:26.0340000+00:00","https://docs.zeta.markets/build-with-zeta/typescript-sdk/perps-market-making-bot

this one?","",""
"814066524137848904",".0xblock","2023-12-07T05:14:38.5210000+00:00","Yes","",""
"814066524137848904",".0xblock","2023-12-07T05:14:46.7000000+00:00","In asking for it","",""
"1085963464197021777","cm.james","2023-12-07T05:15:10.1240000+00:00","@tristan0x or @Filip | Zeta Markets may be able to answer this","","❤️ (1)"
"814066524137848904",".0xblock","2023-12-07T05:15:53.4820000+00:00","Ok thanks bro","",""
"814066524137848904",".0xblock","2023-12-07T05:16:42.9540000+00:00","@tristan0x @Filip | Zeta Markets could you please help","",""
"196213409061142528","dfilip","2023-12-07T05:16:48.1880000+00:00","yea, just might be quite stale i dont think we've bumped that in a little bit","",""
"196213409061142528","dfilip","2023-12-07T05:16:52.3690000+00:00","easiest way would be with the new python sdk","",""
"196213409061142528","dfilip","2023-12-07T05:16:53.1670000+00:00","https://github.com/zetamarkets/zetamarkets-py/blob/master/examples/market_maker.py","",""
"159985870458322944","MEE6#4876","2023-12-07T05:16:54.7930000+00:00","GG @Filip | Zeta Markets, you just advanced to level 5!","",""
"196213409061142528","dfilip","2023-12-07T05:16:55.3250000+00:00","has an MM example","","❤️ (1)"
"814066524137848904",".0xblock","2023-12-07T05:17:37.3510000+00:00","Okay i will try it","",""
"814066524137848904",".0xblock","2023-12-07T05:17:50.1300000+00:00","Are you playing with it atm?","",""
"196213409061142528","dfilip","2023-12-07T05:19:50.7480000+00:00","the python sdk should be way better for algo trading, we wrote it because MMs kept asking for python haha","",""
"196213409061142528","dfilip","2023-12-07T05:20:24.2780000+00:00","yea we're pretty actively developing it based on feedback from MMs as they integrate","","❤️ (1)"
"814066524137848904",".0xblock","2023-12-07T06:18:31.7500000+00:00","Ok 👍🏿 thank my fren. I will do and give feedback later","",""
"159985870458322944","MEE6#4876","2023-12-07T06:18:32.0450000+00:00","GG @0xblock, you just advanced to level 1!","",""
"920243163849953320","cicelyzzz","2023-12-07T10:25:14.9220000+00:00","Hey team, this is Cicely from Shadow Labs. We'd like to apply the Zeta MM program.

Here's some background on us: We're a systematic crypto trading firm that serves as a liquidity provider and market maker, offering liquidity for both centralized and decentralized exchanges. We've been working as whitelisted/designated market makers on various CEX and perpetual DEX platforms, including Binance (with a 30-day average perpetual trading volume of 1 billion USD) as well as DEXes such as dYdX, Injective, Vertex, and more. We have comprehensive solutions for technical integration and market-making strategies.

Please inform us how to apply this MM program and get the whitelist.","",""
"971458097866481685","cmsnow","2023-12-07T10:26:47.0240000+00:00","Thanks for sharing! Will tag our head of BD, @Adrian | Zeta here!","",""
"920243163849953320","cicelyzzz","2023-12-07T10:27:13.1450000+00:00","Ty!","","💜 (1)"
"390081600441810944","redactedadrian","2023-12-07T12:49:21.4480000+00:00","Hi @Cicelyzzz you can reach me directly on telegram at redactedadrian to discuss","","👌 (2)"
"1079746089617477692","devsquaaa","2023-12-07T16:42:51.0140000+00:00","are crypto options still a potential product zeta will offer, if some MMs are willing to make those markets?","",""
"846048194608496640","cm_sake","2023-12-07T16:45:27.6710000+00:00","i believe so yes","",""
"878157561260556299","emma012536","2023-12-08T16:57:41.8810000+00:00","Hello 👋","",""
"778045179981856809","ikay4065","2023-12-09T08:57:49.4680000+00:00","GM","",""
"388951618013626368","alkanphel98","2023-12-09T09:00:59.5460000+00:00","there are no market makers lmao the books are thin af","",""
"702264277326626878","tristan0x","2023-12-09T10:07:21.2450000+00:00","Will be a while until options are back so don't hold you breath","",""
"702264277326626878","tristan0x","2023-12-09T10:07:26.4560000+00:00","maybe when the bull market comes","",""
"702264277326626878","tristan0x","2023-12-09T10:07:41.9200000+00:00","which markets? Our #1 prio rn is getting more MMs and liquidity","",""
"388951618013626368","alkanphel98","2023-12-09T10:08:02.5120000+00:00","TIA","",""
"971458097866481685","cmsnow","2023-12-09T10:09:24.2440000+00:00","Noted on this! As Tristan mentioned, we are working on getting more MM onboard","",""
"971458097866481685","cmsnow","2023-12-09T10:09:36.1530000+00:00","Hopefully that will help with liquidity","",""
"702264277326626878","tristan0x","2023-12-09T10:21:53.3280000+00:00","Yep understood, TIA has been a tricky one with the volatility. Will try improve it","",""
"761066231922163713","darkar07","2023-12-09T11:18:23.0670000+00:00","👀","",""
"971458097866481685","cmsnow","2023-12-09T11:22:05.4210000+00:00","Yes, that's right!","",""
"1079746089617477692","devsquaaa","2023-12-09T13:23:28.0670000+00:00","Because of the current lack of willing MMS, or is there another reason?","",""
"228963921917247488","nagebaka","2023-12-09T15:18:56.2280000+00:00","thereis literally no liquidity in tia market rn","",""
"228963921917247488","nagebaka","2023-12-09T15:19:29.3520000+00:00","i dont understand why mms get no poitns","",""
"971458097866481685","cmsnow","2023-12-09T15:21:17.2320000+00:00","MM have a rewards program. See: https://docs.zeta.markets/zeta-protocol/market-maker-rewards

We are also looking to improve for Z-Score Season 2","",""
"228963921917247488","nagebaka","2023-12-09T15:24:52.6450000+00:00","this just makes me not want to trade on zeta","https://cdn.discordapp.com/attachments/1034970938195841024/1183066746085707796/image.png?ex=662d18c4&is=661aa3c4&hm=7604a08f101991c39d3c1b605cd0228f9c8f9599d3090ac33ad88a1977bf9b59&",""
"228963921917247488","nagebaka","2023-12-09T15:27:31.7470000+00:00","there is a 3% spread with no mms","",""
"971458097866481685","cmsnow","2023-12-09T15:32:38.2550000+00:00","We are working on onboarding more MMs","",""
"401774052353507328","amrasara","2023-12-09T15:49:49.5770000+00:00","The lack of points for folks wanting to supply liq seems like a real problem. Looking at the MM rewards https://docs.zeta.markets/zeta-protocol/market-maker-rewards it seems pretty onerous to get any rewards. I think a lot of people would organically supply maker liq on the order book if they were incentivized with points. I'd def open my positions that way but now I get no points. I know this is not the same as dedicated MMs but it certainly would help fill the gaps","",""
"401774052353507328","amrasara","2023-12-09T15:52:22.2590000+00:00","@Snow Is there additional info on becomign a MM beyond these requirements?
```Minimum $5K USD notional depth on both sides of the book ($10K USD in total) within a 40bps spread. Market makers must meet this requirement for 90% of the epoch for all markets currently listed. ```","",""
"159985870458322944","MEE6#4876","2023-12-09T15:52:22.4880000+00:00","GG @amrasara, you just advanced to level 2!","",""
"971458097866481685","cmsnow","2023-12-09T15:54:18.5070000+00:00","Hi there, let me ping @tristan0x and @Adrian | Zeta here so that we can discuss about this. Thanks!","",""
"401774052353507328","amrasara","2023-12-09T15:54:27.2120000+00:00","Thank you!","","💜 (2)"
"702264277326626878","tristan0x","2023-12-09T16:17:11.1230000+00:00","Yeah not enough liquidity providers + also the margin system is very hard to do fully on chain like we do. I'd rather relaunch options on our v3 (coming soon)","","🫡 (1)"
"702264277326626878","tristan0x","2023-12-09T16:19:07.2520000+00:00","acknowledged, I'll try source more liquidity. Also season 2 for points is coming soon and will reward maker volume","",""
"702264277326626878","tristan0x","2023-12-09T16:20:18.9930000+00:00","Do you have a telegram? I can msg you there with ideas","",""
"401774052353507328","amrasara","2023-12-09T16:23:50.9020000+00:00","Sure. Could also just DM here in discord if easier? Prefer to share tg handle in private if possible if you want to go that route","",""
"702264277326626878","tristan0x","2023-12-09T16:47:55.3550000+00:00","sure","",""
"882649075575570492","s.kur","2023-12-09T18:18:39.1100000+00:00","Interesting, going back to being an options platform? Bybit has been struggling with MMs, and SOL options had lack of MMs on both Deribit and Bybit back in the day. I think Zeta also had sparse liquidity back in the day. Do you think going back to options platform would bring back liquidity? Happy to discuss on tg, I am an options trader and have worked on defi structured products before","",""
"702264277326626878","tristan0x","2023-12-10T03:16:37.5650000+00:00","not going back, like eventually would like to have it in the product suite but realistically it'll take quite a while. Too much stuff on our plate","",""
"702264277326626878","tristan0x","2023-12-10T03:17:09.8310000+00:00","and no, pretty unconvinced that options will ""bring"" liquidity, rather I think the cost of providing liquidity to options on defi is exceedingly high","",""
"1079746089617477692","devsquaaa","2023-12-10T04:17:45.2000000+00:00","sadly true, MMs probably got hit big time when solana started going down regularly, and anyway, crypto is already so volatile, most people don't need/want this kind of product","","👍 (1)"
"882649075575570492","s.kur","2023-12-10T06:00:20.5090000+00:00","Gotcha, like aevo has I am guessing? Also, the fees are pretty high and it shows given the lack of liquidity. Introducing a tier system based on taker volume will attract some more liquidity for starters. And may be rebates for MMs based on the volume as well.","",""
"702264277326626878","tristan0x","2023-12-10T07:55:36.8390000+00:00","yep we're planning to rejig fees a bit and add tiers. We already have rebates for MMs, that's mostly how they get compensated","",""
"702264277326626878","tristan0x","2023-12-10T07:55:43.1710000+00:00","good feedback anyhow","","🤝 (1)"
"882649075575570492","s.kur","2023-12-10T08:05:36.0490000+00:00","Yeah, I saw the % of volume rebates for MMs. I was talking about maker rebates too. Should have re-phrased that.","",""
"971458097866481685","cmsnow","2023-12-10T08:10:42.9400000+00:00","No worries Sir, appreciate the suggestion on this! 😇","",""
"702264277326626878","tristan0x","2023-12-10T08:24:28.1380000+00:00","Wdym? We do 3bps rebate on maker trades for MMs","",""
"702264277326626878","tristan0x","2023-12-10T08:24:39.0230000+00:00","We might consider opening it up to the public if it helps liquidity","",""
"1180061558991228978","tanu00009","2023-12-10T09:29:05.7280000+00:00","i have deposit  about 20$ but i cant trade . what is the problem ?","https://cdn.discordapp.com/attachments/1034970938195841024/1183339598038958090/photo_6316491107126589966_y.jpg?ex=662e16e1&is=661ba1e1&hm=bb273eaaf9023b03c444103d637fb9a3b39da60eba196041c4e7c360c7da75b3&,https://cdn.discordapp.com/attachments/1034970938195841024/1183339598508724234/photo_6314239307312905187_y.jpg?ex=662e16e1&is=661ba1e1&hm=e590e1475b07ad3e2ba4986f854348e1ebc4b6f11470448e6038ac7bc9663108&",""
"971458097866481685","cmsnow","2023-12-10T09:36:21.8030000+00:00","Hi there, do you have enough SOL in your wallet. Please ensure that you have at least 0.1 SOL","",""
"1132986539975114772","abhishekrajput9722","2023-12-10T09:58:36.3280000+00:00","how much fee of one trade","",""
"971458097866481685","cmsnow","2023-12-10T09:59:50.2990000+00:00","Solana gas is low","",""
"1132986539975114772","abhishekrajput9722","2023-12-10T10:00:38.9900000+00:00","zeta fees","",""
"1132986539975114772","abhishekrajput9722","2023-12-10T10:02:10.1310000+00:00","today i do one trade with 3x they cut 2.5$ of sol  in my wallet why","",""
"1132986539975114772","abhishekrajput9722","2023-12-10T10:03:29.8070000+00:00","pls me answer","",""
"1132986539975114772","abhishekrajput9722","2023-12-10T10:03:49.8300000+00:00","?","",""
"971458097866481685","cmsnow","2023-12-10T10:03:53.7850000+00:00","That's the rent!

Every bid and ask for each market will require 1 set of rent as well.

These rents will be returned after account closure which the devs are still developing that function on the v2 platform","",""
"971458097866481685","cmsnow","2023-12-10T10:04:19.7960000+00:00","Please also keep this page related to #💱│market-makers","",""
"1132986539975114772","abhishekrajput9722","2023-12-10T10:05:37.3370000+00:00","when returned account closure means?","",""
"971458097866481685","cmsnow","2023-12-10T10:06:08.6370000+00:00","When we develop that feature, rent will return to you when you come back to close the account","",""
"1132986539975114772","abhishekrajput9722","2023-12-10T10:07:25.5530000+00:00","any specific time ?","",""
"159985870458322944","MEE6#4876","2023-12-10T10:07:25.8260000+00:00","GG @Abhishek Rajput, you just advanced to level 1!","",""
"971458097866481685","cmsnow","2023-12-10T10:14:50.4840000+00:00","Not atm","",""
"1132986539975114772","abhishekrajput9722","2023-12-10T10:15:32.3090000+00:00","What?","",""
"971458097866481685","cmsnow","2023-12-10T10:15:56.1550000+00:00","No estimated timeframe on this atm","",""
"1132986539975114772","abhishekrajput9722","2023-12-10T10:17:10.0420000+00:00","Account clousre process?","",""
"971458097866481685","cmsnow","2023-12-10T10:20:51.5030000+00:00","Yeap, we are working on this for now","",""
"1132986539975114772","abhishekrajput9722","2023-12-10T10:21:12.8900000+00:00","Ok","",""
"331180204527452170","robertotalamas","2023-12-12T01:32:36.9840000+00:00","Hey @Adrian | Zeta @Filip | Zeta Markets noob questions for you

I am trying to run the code in market_maker.py but I am hitting this Client error. Not sure if its something on my end or some error in the Client code. Any clue whats going on? 

market_maker.py
https://github.com/zetamarkets/zetamarkets-py/blob/master/examples/market_maker.py","https://cdn.discordapp.com/attachments/1034970938195841024/1183944464696356894/image.png?ex=66270fb5&is=66149ab5&hm=5cf8b5f28bd8d62449eb5038d064d7b21ee825d5f74a25eb85b5a0299947ac4b&",""
"390081600441810944","redactedadrian","2023-12-12T02:27:59.7100000+00:00","gm gm. let me get someone to assist","","❤️ (1)"
"196213409061142528","dfilip","2023-12-12T02:42:04.3500000+00:00","have you deposited funds into that account?","",""
"331180204527452170","robertotalamas","2023-12-12T02:45:24.8540000+00:00","Yes. The account has some USDC","",""
"331180204527452170","robertotalamas","2023-12-12T03:19:58.4680000+00:00","Was able to figure out the previous problem. Now hitting this one

ERROR:zetamarkets_py.client.Client:6086: Post only order in cross","",""
"196213409061142528","dfilip","2023-12-12T03:59:01.0980000+00:00","yea if you send PostOnly order type that crosses the orderbook itll error, because it is a taker trade. either dont use PostOnly, or make sure its not crossing, or use PostOnlySlide which will slide the price back to the best maker price","","👍 (1)"
"331180204527452170","robertotalamas","2023-12-12T04:29:37.3620000+00:00","Got it working. thanks","",""
"331951870098800640","nocpex","2023-12-12T07:38:39.3810000+00:00","curious what the pnl is like on maker bots with 5 fig liquidity","",""
"702264277326626878","tristan0x","2023-12-13T00:45:36.1150000+00:00","I've seen people make on the order of a few grand with 5 fig liqiuidty on altcoin markets. Spreads were quite wide on TIA before so was very profitable to quote","",""
"702264277326626878","tristan0x","2023-12-13T00:52:39.5500000+00:00","This was quoting $TIA with 15k balance across zeta and bybit overnight","https://cdn.discordapp.com/attachments/1034970938195841024/1184296796705521694/image.png?ex=662857d7&is=6615e2d7&hm=087212d6e1158f945ea6177ab753dd1f39e91f7042ef8895509eec6bb4bc7401&","👍 (2)"
"820905592147017791","efficient.meerkat","2023-12-13T22:49:58.3160000+00:00","is eligibility for market maker rewards determined automatically by trading activity alone or do we need to apply for a market maker agreement?","",""
"846048194608496640","cm_sake","2023-12-13T22:54:45.8770000+00:00","you'd need to be part of the MM group. if you are interested, do #✅┃open-a-ticket","",""
"526290701231718410",".slicken","2023-12-19T16:19:27.4160000+00:00","why cant i place reduce limit orders?    there is only two fill options for these... ""fill or kill"" and ""imidiate or cancel"" ... where is the ""none"" option and ""post only"" options for reduce ?","",""
"159985870458322944","MEE6#4876","2023-12-19T16:19:27.7990000+00:00","GG @slicken, you just advanced to level 1!","",""
"846048194608496640","cm_sake","2023-12-19T16:28:11.5870000+00:00","Currently only those options are available","",""
"526290701231718410",".slicken","2023-12-19T16:29:50.2750000+00:00","this means you cant recude orders with limit orders yet?   (since thoes two are instant)","",""
"846048194608496640","cm_sake","2023-12-19T16:32:06.7170000+00:00","You can reduce with the size","",""
"526290701231718410",".slicken","2023-12-19T16:37:54.1130000+00:00","can you tell example of how ?       i want to run my market maker program i coded. but it uses reduce.

but if you can tell me what you mean with size, maby i can update it.","",""
"846048194608496640","cm_sake","2023-12-19T16:45:27.8140000+00:00","tagging @tristan0x and @Filip | Zeta Markets for this coding related","",""
"526290701231718410",".slicken","2023-12-19T16:50:06.1010000+00:00","thx but no need.   i think i know what you mean with size (hedge mode is disabled so you can close with normal limit orders)","","🙏 (1)"
"408505799413989386","lucbox11","2023-12-24T04:07:05.5720000+00:00","the big problem with v1 was there was no way to hedge options on zeta, now that they have perps it's easier todo","",""
"408505799413989386","lucbox11","2023-12-24T04:08:16.8280000+00:00","still think there should be a way to deposit SOL as collateral. with the perp funding rate as insanely high as it is, call options will be very expensive if they can only be hedged with perps","",""
"566321488341368852","famakam","2023-12-25T01:26:02.7360000+00:00","Zeta has options? All i see are perps???","",""
"408505799413989386","lucbox11","2023-12-25T07:46:46.1510000+00:00","they did in v1 but had to close them down. might come back in v3","",""
"566321488341368852","famakam","2023-12-25T11:50:14.2850000+00:00","Aww that sucks, i specifically showed up for the options.

Zeta is still listed as an options exchange on defillama","",""
"1110141913656459276","0xjen","2023-12-25T12:42:13.0000000+00:00","The team put that on hold quite sometime back due to lack of liquidity from MMs - generally quite a hard product to offer on-chain so decided to focus on perps first. Lots of work to be done on the exchange front first before thinking about bringing products like options back into the product suite 🙂","","👍 (2)"
"516348709018140683","jzolg","2023-12-26T20:37:27.4130000+00:00","For options… figure you’d need dates expiry first ?","",""
"516348709018140683","jzolg","2023-12-26T20:38:01.2310000+00:00","I’ve been toying with the idea of a perp-type option as an alternative for a bit now lol","",""
"971458097866481685","cmsnow","2023-12-27T08:20:25.6970000+00:00","You mean dated futures?","",""
"516348709018140683","jzolg","2023-12-27T12:00:10.1110000+00:00","Yep, I just can’t spell lol","",""
"566321488341368852","famakam","2023-12-28T16:01:26.7170000+00:00","Deri protocol has perp type options. They call them everlasting options","",""
"516348709018140683","jzolg","2023-12-29T02:15:46.4610000+00:00","No Solflare of phantom option to connect 😢 . What networks do they use ?","",""
"516348709018140683","jzolg","2023-12-29T02:18:13.7940000+00:00","Nvm, found it. Would prefer UX of sol for that tbh.  Also, do they have a contract spec for the everlasting options? Can’t seem to find much documentation wise.","",""
"566321488341368852","famakam","2023-12-29T20:31:28.0010000+00:00","If you check their discord everyone is always mad at them.","",""
"566321488341368852","famakam","2023-12-29T20:37:45.6290000+00:00","And im not sure why but the best options protocols are on eth/arb.
I would prefer more on sol and cosmos","",""
"159985870458322944","MEE6#4876","2023-12-29T20:37:46.0280000+00:00","GG @famakam, you just advanced to level 1!","",""
"408505799413989386","lucbox11","2023-12-29T23:21:29.4070000+00:00","An option with no expiration would be very expensive, they're difficult to price too since all standard models require an expiration date... You would need to substitute decay with a funding rate I think for it to work at all, something like squeeth comes to mind","",""
"159985870458322944","MEE6#4876","2023-12-29T23:21:29.6830000+00:00","GG @lucbox11, you just advanced to level 3!","",""
"516348709018140683","jzolg","2023-12-30T00:43:41.8410000+00:00","Just settle pnl at some set interval, same idea as funding rate. A perp with a one hour funding rate is basically just a 1hr future that “perpetually” rolls.","",""
"408505799413989386","lucbox11","2023-12-30T00:47:16.2110000+00:00","Good ideas, I can definitely see how it could work, part of the appeal of options though is when you can buy cheap gamma, which I don't think would ever present it's self with a perp option contract, also presumably the funding rate would increase as IV increases which dampens the convexity of the product","",""
"516348709018140683","jzolg","2024-01-03T12:55:57.2640000+00:00","This is a good point.  It really depends on the “market”.  I totally agree with you when it comes to sophisticated/institutional types.  For retail types, they won’t care - they just want to bet number go up / down with some guardrails.","",""
"952861546764173312","tonycafe","2024-01-10T03:26:59.2090000+00:00","hello. What time does ss2 start?? I have traded but the score just stand .","",""
"1085963464197021777","cm.james","2024-01-10T03:31:57.7720000+00:00","z-score are accumulated still so dont worry.","",""
"1110141913656459276","0xjen","2024-01-10T08:04:31.6850000+00:00","please also head to the dedicated #❓│questions channel if you have further qns 🙂","",""
"1169375804602470473","sagaz22_96776","2024-01-10T14:39:23.5490000+00:00","Ola!!!","",""
"485884442016219136","neil_ftr","2024-01-11T11:46:58.1370000+00:00","Hello everyone 🙂","",""
"485884442016219136","neil_ftr","2024-01-11T11:47:12.9810000+00:00","I'm working on plugging algos to zeta and i'm using the python client","",""
"485884442016219136","neil_ftr","2024-01-11T11:47:21.9280000+00:00","I came accross this exception while testing","",""
"485884442016219136","neil_ftr","2024-01-11T11:47:23.5880000+00:00","","https://cdn.discordapp.com/attachments/1034970938195841024/1194970814001451148/image.png?ex=662a42cb&is=6617cdcb&hm=ace2d9c5ee0183bf7f9f54bc5d036195d960e788bc002251fd63f1ba5844cfe4&",""
"485884442016219136","neil_ftr","2024-01-11T11:47:59.1180000+00:00","Error comes from this function","",""
"485884442016219136","neil_ftr","2024-01-11T11:48:00.8220000+00:00","","https://cdn.discordapp.com/attachments/1034970938195841024/1194970970407059567/image.png?ex=662a42f0&is=6617cdf0&hm=79b7cc1e10eb8605b9a1a1614def959914f79965a79abab1b702b0537cfda2d4&",""
"485884442016219136","neil_ftr","2024-01-11T11:48:08.4120000+00:00","Might send a pr 🙂","",""
"485884442016219136","neil_ftr","2024-01-11T11:48:29.4630000+00:00","I'd love setting up a groupchat with you guys for FTR","",""
"485884442016219136","neil_ftr","2024-01-11T12:15:47.6560000+00:00","I also wanted to know if you guys have a way to price vs oracle ?","",""
"485884442016219136","neil_ftr","2024-01-11T12:15:55.8340000+00:00","Thanks for your time","",""
"846431682818736199","tryanair","2024-01-11T12:19:30.3000000+00:00","hey could you #✅┃open-a-ticket - will create a TG group for us from there!","",""
"485884442016219136","neil_ftr","2024-01-11T12:34:35.6920000+00:00","Done","",""
"1079746089617477692","devsquaaa","2024-01-12T08:02:42.9070000+00:00","so, everyone running the same bot with different parameters huh 😆","https://cdn.discordapp.com/attachments/1034970938195841024/1195276659780235314/image.png?ex=662b5fa2&is=6618eaa2&hm=c7ee9fd9e10eaa11b413c0f6c57f1293538d340a32b3914fc4159325addf6754&","PepeZ (3)"
"736643870334517369","karnagelycan","2024-01-13T09:17:52.3140000+00:00","What are good market making bots on Solana?","",""
"702264277326626878","tristan0x","2024-01-15T05:03:07.5460000+00:00","Here's one to get you started: https://github.com/zetamarkets/zetamarkets-py/blob/master/examples/market_maker.py","",""
"770011215279161374","bib362","2024-01-26T20:10:48.1500000+00:00","as i see in my z-score menu,i have taker volume but i dont have maker volume,how can i make maker volumes?","",""
"846048194608496640","cm_sake","2024-01-26T20:11:12.4380000+00:00","limit order instead of market order","","🫡 (1)"
"1079746089617477692","devsquaaa","2024-01-28T17:31:36.9770000+00:00","Is there a way for me to check my share of maker volume ?","",""
"846048194608496640","cm_sake","2024-01-28T17:33:28.1200000+00:00","do you mean overall?","",""
"1079746089617477692","devsquaaa","2024-01-28T17:34:11.1930000+00:00","I guess weekly https://docs.zeta.markets/zeta-protocol/market-maker-rewards","",""
"846048194608496640","cm_sake","2024-01-28T17:35:39.8090000+00:00","yes weekly","",""
"1079746089617477692","devsquaaa","2024-01-28T17:36:01.3520000+00:00","So is there a way for me to check what has been my weekly share of maker volume?","",""
"1079746089617477692","devsquaaa","2024-01-28T17:36:07.1710000+00:00","Like an interface","",""
"846048194608496640","cm_sake","2024-01-28T17:44:08.0530000+00:00","let me ping @tristan0x on this","","👍 (1)"
"419831892364361738","monbarkley","2024-01-29T14:12:42.8610000+00:00","I like LOOOOOOONGGGGGGG 😂","",""
"1110141913656459276","0xjen","2024-01-29T14:13:06.5180000+00:00","ok ser, please don't spam the same message across channels 😅","",""
"419831892364361738","monbarkley","2024-01-29T14:24:27.0200000+00:00","ok I will use Zeta regularly","","🫡 (1)"
"1079746089617477692","devsquaaa","2024-01-30T23:54:16.5190000+00:00","interestingly big discount on SOLPERP on zeta","",""
"1128690060825473044","0xsierrasec","2024-02-02T17:42:10.8930000+00:00","In practice how much SOL is neccesary to create a cross margin account? According to docs (https://docs.zeta.markets/zeta-protocol/exchange-architecture/margin-accounts) there is a ""one time cost of ~0.01 SOL"", but when I am testing the functionality of creating a cross margin account, I keep getting the error   msg: 'Insufficient SOL in wallet.', and I have more than 0.01 SOL in my wallet","",""
"159985870458322944","MEE6#4876","2024-02-02T17:42:11.2250000+00:00","GG @0xsierrasec, you just advanced to level 1!","",""
"846048194608496640","cm_sake","2024-02-02T17:43:31.8200000+00:00","You need 0.05-0.1 sol in wallet to do the transaction in solana network","","👍 (1)"
"1128690060825473044","0xsierrasec","2024-02-02T17:53:40.2200000+00:00","That’s one time cost correct?","",""
"846048194608496640","cm_sake","2024-02-02T17:54:36.9270000+00:00","that's rent account. For each market we need to open a bid and ask account hence the SOL 0.02 rent cost. 

You can find out more about Solana architecture here: https://docs.solana.com/developing/intro/rent","",""
"1128690060825473044","0xsierrasec","2024-02-02T18:24:11.4770000+00:00","Thanks","","🫡 (1)"
"929399625025192026","suraj3969","2024-02-04T20:36:40.3780000+00:00","zeta token list date?","",""
"846048194608496640","cm_sake","2024-02-04T20:37:01.1840000+00:00","token will be after season 2. no date yet","",""
"929399625025192026","suraj3969","2024-02-04T20:37:29.9900000+00:00","season 2 end how much time","",""
"846048194608496640","cm_sake","2024-02-04T20:37:43.2760000+00:00","end date is TBA ser","",""
"929399625025192026","suraj3969","2024-02-04T20:38:11.0730000+00:00","but how much expected month? pls share","",""
"929399625025192026","suraj3969","2024-02-04T20:39:04.9350000+00:00","@CM Sake | Zeta Markets sir pls answer my questions?","",""
"846048194608496640","cm_sake","2024-02-04T20:39:07.0040000+00:00","no idea ser. it's TBA","",""
"929399625025192026","suraj3969","2024-02-04T20:39:35.3360000+00:00","season 1 how much month working?","",""
"846048194608496640","cm_sake","2024-02-04T20:40:59.1960000+00:00","Oct 26th - Dec 31st","",""
"929399625025192026","suraj3969","2024-02-04T20:41:22.3210000+00:00","ok sir","",""
"929399625025192026","suraj3969","2024-02-04T20:42:41.0430000+00:00","@CM Sake | Zeta Markets Sir, no more season will come after season 2?","",""
"159985870458322944","MEE6#4876","2024-02-04T20:42:41.3320000+00:00","GG @Suraj | EVERMOON, you just advanced to level 1!","",""
"846048194608496640","cm_sake","2024-02-04T20:42:59.4100000+00:00","token is after season 2. so i think only until season 2","",""
"929399625025192026","suraj3969","2024-02-04T20:44:02.1280000+00:00","Ok sir but what can be the token name?","",""
"846048194608496640","cm_sake","2024-02-04T20:44:17.2650000+00:00","https://docs.zeta.markets/z-score/introducing-zeta-token","",""
"929399625025192026","suraj3969","2024-02-04T20:45:11.1410000+00:00","Sir i joined season 2 so will i get less reward than season 1?","",""
"929399625025192026","suraj3969","2024-02-04T20:45:58.3680000+00:00","@CM Sake | Zeta Markets sir tell me pls","",""
"929399625025192026","suraj3969","2024-02-04T20:47:38.3330000+00:00","sir","",""
"846048194608496640","cm_sake","2024-02-04T20:50:06.3100000+00:00","season 2 is part of z-score. nothing mentioned about the difference in season 1 and 2. they are however part of z-score","",""
"929399625025192026","suraj3969","2024-02-04T20:50:45.1720000+00:00","beacause same reward?","",""
"846048194608496640","cm_sake","2024-02-04T20:53:06.6010000+00:00","details about z-score can be found here
https://docs.zeta.markets/z-score/introducing-z-score

else stay tuned for updates","",""
"929399625025192026","suraj3969","2024-02-04T20:54:55.8140000+00:00","thanks for information sir","","🫡 (1)"
"351895279785738240","ppj007","2024-02-05T10:17:27.1620000+00:00","Team, Liquidity is low on JUP PERP .  My buy order did not execute despite the fact that prices went below my bid on  leading CEX's","",""
"660033367059857410","akb4crypto","2024-02-06T05:10:30.5540000+00:00","hi if i want to participate airdrop. i have to buy nft first?","",""
"1110141913656459276","0xjen","2024-02-06T07:59:05.1890000+00:00","hey! not necessarily, but it does help to boost your z-scores earned from trading which is the gateway to our token","",""
"1111680221813407794","damilare7446","2024-02-08T03:47:14.8720000+00:00","How can i boost z-score new here","",""
"1110141913656459276","0xjen","2024-02-08T07:59:57.2890000+00:00","Hey! You can get a S2 z-pass from Tensor and activate it, or wait for boost multiplier week for certain markets","",""
"1110141913656459276","0xjen","2024-02-08T08:00:30.0020000+00:00","Also do head to #❓│questions instead if you have further Qs!","",""
"385478897430429696","ultramafic","2024-02-08T12:57:58.3950000+00:00","link in the channel description doesnt work","",""
"385478897430429696","ultramafic","2024-02-08T12:59:37.6460000+00:00","""site can't be reached""","",""
"408505799413989386","lucbox11","2024-02-08T17:43:43.5540000+00:00","Is this rebate schedule open or only to whitelisted?","https://cdn.discordapp.com/attachments/1034970938195841024/1205207348293926972/image.png?ex=662a964f&is=6618214f&hm=ed7c64a12e716e71018e111e859af45341304ba34dad84f221bf6a59f7137c06&",""
"846048194608496640","cm_sake","2024-02-08T17:45:08.2090000+00:00","you'll need to sign up for this. if you are interested, #✅┃open-a-ticket","",""
"456226577798135808","Deleted User","2024-02-15T18:54:39.2780000+00:00","How you are gonna track we are trading on Mobile?","",""
"846048194608496640","cm_sake","2024-02-15T18:58:04.2260000+00:00","i'm sure the team have something in their code to differentiate mobile and desktop transactions","",""
"298058073702924289","humongousweedboy","2024-02-17T04:36:10.2280000+00:00","https://github.com/zetamarkets/zeta-market-maker is this thing still meant to be plug and play if i just follow the readme?","",""
"1085963464197021777","cm.james","2024-02-17T04:39:01.7280000+00:00","not sure if @Filip | Zeta Markets can chip in on this","",""
"196213409061142528","dfilip","2024-02-17T06:22:37.7190000+00:00","ah that one might be a bit stale, but shouldnt require too much effort besides maybe some package version bumps. the python sdk example is a lot more concise though, might be better: https://github.com/zetamarkets/zetamarkets-py/blob/master/examples/market_maker.py","",""
"456226577798135808","Deleted User","2024-02-18T10:27:15.7180000+00:00","When 2x bonus over?","",""
"1110141913656459276","0xjen","2024-02-18T10:45:18.2770000+00:00","23:59 UTC for DYM and mobile 🙂","",""
"456226577798135808","Deleted User","2024-02-18T11:18:12.7660000+00:00","How much time to go?","",""
"456226577798135808","Deleted User","2024-02-18T11:18:47.0900000+00:00","You mean 12PM UTC","",""
"456226577798135808","Deleted User","2024-02-18T11:19:13.7230000+00:00","40 minutes to go","",""
"1110141913656459276","0xjen","2024-02-18T11:21:32.1300000+00:00","Nope 23:59","",""
"1110141913656459276","0xjen","2024-02-18T11:21:55.7960000+00:00","About 12h","",""
"456226577798135808","Deleted User","2024-02-18T12:03:58.2410000+00:00","Can you please tell, how many hours remaining?","",""
"1110141913656459276","0xjen","2024-02-18T12:04:19.9230000+00:00","Replied you just above your message","",""
"456226577798135808","Deleted User","2024-02-18T12:49:22.1250000+00:00","Okay 1 more day","",""
"952861546764173312","tonycafe","2024-02-18T13:22:47.0810000+00:00","what is the problem??","https://cdn.discordapp.com/attachments/1034970938195841024/1208765558976159754/image.png?ex=662e4da7&is=661bd8a7&hm=c789d89a3358caf6e13f09e97c7be24933e2e393b2fead36f4c86714f839f990&",""
"159985870458322944","MEE6#4876","2024-02-18T13:22:47.6880000+00:00","GG @tonycafe | ☴  🐻⛓, you just advanced to level 1!","",""
"1110141913656459276","0xjen","2024-02-18T13:27:18.8650000+00:00","Hey! Could you #✅┃open-a-ticket?","",""
"1110141913656459276","0xjen","2024-02-18T14:35:22.2520000+00:00","Correction: was about 12h left. You can google UTC time converter to find out what time it would be in your timezone 🙂","",""
"912129222980563034","eduardoandrade2401","2024-02-18T23:46:16.4890000+00:00","alright","",""
"846048194608496640","cm_sake","2024-02-18T23:51:07.3580000+00:00","hey","",""
"967499106094293072","robinroux","2024-02-19T15:21:11.1570000+00:00","Hello, I just want to have informations about market makers rewards. About ''uptime requirement'' in the docs as shown on the screenshot, it means we have to make at least 5k usd both short and long maker order ? Do we need to reach out the team to obtain the reward or is it automatic ? Thanks","https://cdn.discordapp.com/attachments/1034970938195841024/1209157743424962560/image.png?ex=66268067&is=66140b67&hm=bb999caa2e039df4620d2445b00f49bf590b242dcf16976002efc8816ca3a498&",""
"1110141913656459276","0xjen","2024-02-19T15:47:05.3140000+00:00","hey! will have @RyanAir | Zeta Markets chime in on this 🙂","",""
"967499106094293072","robinroux","2024-02-19T16:44:29.2430000+00:00","Thanks, waiting for him 🙂","",""
"1110141913656459276","0xjen","2024-02-20T10:40:53.8340000+00:00","Leaving another ping for @RyanAir | Zeta Markets / @tristan0x 🙂","",""
"846431682818736199","tryanair","2024-02-20T14:30:41.6150000+00:00","ah this is all about to change - details on 1st March!","",""
"702264277326626878","tristan0x","2024-02-21T13:16:06.8150000+00:00","Hey yeah we're in the process of revamping this entirely","",""
"702264277326626878","tristan0x","2024-02-21T13:16:40.5980000+00:00","If you're interested in more details drop me a message on tg @tristan0x and I can send you the updated docs","",""
"1116659599945236540","gary0502gg","2024-02-27T12:38:56.8230000+00:00","why close position always fail ,solana perp ,use backpack","",""
"1116659599945236540","gary0502gg","2024-02-27T12:40:19.1980000+00:00","show me Transaction was not confirmed. Please check transaction signature.","",""
"1110141913656459276","0xjen","2024-02-27T12:53:59.4710000+00:00","This is not the right channel, do #✅┃open-a-ticket so we can look into this closer 🙂","",""
"930729411555237908","soloi09","2024-02-28T03:22:26.4820000+00:00","As I understand it, on March 1st you can still trade with a multiplication of 1.5x?","",""
"1085963464197021777","cm.james","2024-02-28T03:29:27.3280000+00:00","yes till 2359 UTC 1st march","",""
"930729411555237908","soloi09","2024-02-28T04:17:29.0580000+00:00","if I activate the card by 1.5x, will the multiplication be multiplied? and will it be 3x?","",""
"1085963464197021777","cm.james","2024-02-28T04:18:31.9000000+00:00","No ser 

If you trade 1000 usd of volume, 

1000 x 1.5 ( card) x 1 (PnL boost) + 1000 x 0.5 (event)","",""
"930729411555237908","soloi09","2024-02-28T04:19:43.6700000+00:00","if without a card it turns out 1.5x and not 0.5x?","",""
"1085963464197021777","cm.james","2024-02-28T04:20:35.7630000+00:00","It's 1.5x boost so effective is +0.5x","","👍🏻 (1)"
"930729411555237908","soloi09","2024-02-28T04:23:04.8340000+00:00","I understand it will be released in April, my birthday is at the end of March, I hope it will be a good gift))","",""
"1141714457182097518","asitiki27_33111","2024-02-28T12:34:29.1790000+00:00","When are the scores updated?","",""
"1110141913656459276","0xjen","2024-02-28T12:39:47.2130000+00:00","Every slightly under an hour, also for further questions do head to the correct channel #❓│questions or #💬│water-cooler!","",""
"1110141913656459276","0xjen","2024-03-03T08:52:43.2320000+00:00","zm all market makooooors - in case you've missed it, we've launched our Maker Incentives Program recently.
Do read here (https://discord.com/channels/841556000632078378/841564664390877204/1212437321786597387)  for full details, and fill in the registration form within if you're interested in taking part!","",""
"397588948979023873","retrodiskotek","2024-03-04T15:33:48.8030000+00:00","Hello what is this whitelist status?","",""
"955744627481255976","awesomeQA#0813","2024-03-04T15:34:07.1000000+00:00","","",""
"1110141913656459276","0xjen","2024-03-04T15:35:32.0210000+00:00","there's no whitelist status - also, do head to #❓│questions if you have further queries!","",""
"397588948979023873","retrodiskotek","2024-03-04T15:36:59.2050000+00:00","Thank you","",""
"699583647216435212","azegele","2024-03-04T19:36:25.2420000+00:00","circuit dot trade","",""
"713758193225957427","0xshiroe","2024-03-05T04:20:14.9690000+00:00","gm wanna know how to start a market maker","",""
"955744627481255976","awesomeQA#0813","2024-03-05T04:20:42.7210000+00:00","","",""
"1110141913656459276","0xjen","2024-03-05T08:19:42.7880000+00:00","hey! you can start off by reading this > https://discord.com/channels/841556000632078378/841564664390877204/1214233294032343171","",""
"1082355792772091984","patrickoskar","2024-03-07T08:56:45.7340000+00:00","gm","",""
"1082355792772091984","patrickoskar","2024-03-07T08:57:06.4280000+00:00","in season 1 there was a leaderboard  with all the rankings. i cant find that again in season 2 . any idea ?","",""
"955744627481255976","awesomeQA#0813","2024-03-07T08:57:34.9420000+00:00","","",""
"1110141913656459276","0xjen","2024-03-07T09:19:35.9340000+00:00","you can click on your z-score on top right - then there's an 'S1 wrapped' button you can click on!","",""
"1082355792772091984","patrickoskar","2024-03-07T10:36:06.7150000+00:00","thanks , but the S1 related to season 1 ?","",""
"1082355792772091984","patrickoskar","2024-03-07T10:39:33.8930000+00:00","and i cant find a link to the actual leaderboard","",""
"1082355792772091984","patrickoskar","2024-03-07T10:39:35.5090000+00:00","?","",""
"955744627481255976","awesomeQA#0813","2024-03-07T10:39:53.4520000+00:00","","",""
"372092434819055616","awakeningx","2024-03-09T07:03:49.9460000+00:00","Zm! How much money I should have to comfortably provide a MM service?","",""
"1212720196624584735","cm_zach","2024-03-09T07:07:18.6790000+00:00","heyo you can check out #📣│announcements for more info about being a market maker!","","👍 (1)"
"296749379014885378","mrpinkparrot","2024-03-09T13:56:44.9080000+00:00","Where can I find the full documentation about the ""zeta-market-maker"" bot ?
A complete doc', not the github ""readme"" please","",""
"1110141913656459276","0xjen","2024-03-09T14:10:16.4750000+00:00","is this what you're looking for?
<https://github.com/zetamarkets/zeta-market-maker","",""
"296749379014885378","mrpinkparrot","2024-03-09T16:48:09.7550000+00:00","About this, but something with more information, here we just have information to turn it enabled","",""
"846048194608496640","cm_sake","2024-03-09T16:51:15.6740000+00:00","What kind of specific information ser?","",""
"296749379014885378","mrpinkparrot","2024-03-09T16:52:37.6540000+00:00","Thinking about coding my own bot, but your code can be a good one, there is no explanation on the strategy used, orders placements, in other term the ""brain"" of the bot","",""
"296749379014885378","mrpinkparrot","2024-03-09T16:53:04.3410000+00:00","What to expect, and how to generate pretty settings","",""
"846048194608496640","cm_sake","2024-03-09T17:03:19.7740000+00:00","Perhaps you can ask this in #🛠│developers channel","","✅ (2)"
"159985870458322944","MEE6#4876","2024-03-13T12:29:00.2470000+00:00","","",""
"709266899602505740","timchi","2024-03-13T12:57:19.2520000+00:00","Do you have to have a bybit account to set up a market maker bot?","",""
"597110166357409890","sumatt.","2024-03-13T13:15:47.5450000+00:00","No. It’s just the one in the GitHub example uses it to fetch a ‘fair value’. You can use whatever you want to determine fair value and quote around that","",""
"1187736759497404506","kingsgambitx","2024-03-14T08:39:23.9670000+00:00","On pairs with big spread market making can be very lucrative even with low capital.. I did some last bull run, placing buy and sell order on 2/3 rd places of order book with a bot. On ranging market..","","👍🏽 (1)"
"1187736759497404506","kingsgambitx","2024-03-14T08:40:20.5870000+00:00","Don’t know on Zeta, if orders get filled enough, didn’t check much liquidity","",""
"296749379014885378","mrpinkparrot","2024-03-15T10:26:24.5970000+00:00","Need a strong RPC with large API limits, Zeta have some partnership ? (I'm doing arbitrage, that's helpful for the DEX health, + large vol.)","","👍🏽 (1)"
"437808476106784770","Arcane#7800","2024-03-15T10:26:24.8630000+00:00","@MrPinkParrot has reached level **1**. GG!","",""
"599814725718638594","greencandles_","2024-03-18T04:24:09.3910000+00:00","I have this same question","",""
"1212720196624584735","cm_zach","2024-03-18T04:28:26.6280000+00:00","you can check out this link for more details. You can apply and we may whitelist u to be a market maker if u make the cut!","","👍🏽 (1)"
"1212720196624584735","cm_zach","2024-03-18T04:28:28.8430000+00:00","https://docs.zeta.markets/zeta-protocol/maker-incentives-program","",""
"485884442016219136","neil_ftr","2024-03-18T17:25:27.0200000+00:00","Hey guys, i'm getting a lot of ""TXID has expired: block height exceeded"" using the python sdk","",""
"485884442016219136","neil_ftr","2024-03-18T17:25:46.6190000+00:00","does anyone know what im doing wrong ? I think the priority fees are high enough but might be wrong","",""
"846048194608496640","cm_sake","2024-03-18T17:26:42.8930000+00:00","solana currently have tight block space. let me check with the team if there's anything can be done. cc @Filip | Zeta Markets","",""
"485884442016219136","neil_ftr","2024-03-18T17:27:24.1110000+00:00","makes sense","",""
"485884442016219136","neil_ftr","2024-03-18T17:27:29.9360000+00:00","When private rollup haha (jk)","",""
"846048194608496640","cm_sake","2024-03-18T17:29:34.1250000+00:00","😁","",""
"196213409061142528","dfilip","2024-03-18T23:03:10.6360000+00:00","nothing can be done 😢 this is just from solana congestion. internally our cranks/infra also suffer from a lot of expired transactions too","",""
"196213409061142528","dfilip","2024-03-18T23:03:58.0560000+00:00","i find that prio fees help, but not that much. over 5000 microlamports/CU and i dont see a huge benefit. sending transactions more quickly (using multiple RPCs too) seems to be the best move for now, at least until 1.18 comes out","",""
"917198969459851295","haitas.","2024-03-20T11:59:13.8510000+00:00","Do you expect another dump?","",""
"423149631904415746","alex_00925","2024-03-21T05:05:55.5620000+00:00","","https://cdn.discordapp.com/attachments/1034970938195841024/1220236931997372447/Captura_de_tela_2024-03-08_103723.png?ex=6629e4b3&is=66176fb3&hm=a7486b351df1e123530355ae5234c3e3174c3b5279c1d1f0add8dcacdd0597b8&",""
"437808476106784770","Arcane#7800","2024-03-21T05:05:56.0330000+00:00","@Alex0925 has reached level **1**. GG!","",""
"933310750066364426","simplydmo","2024-03-21T10:12:35.2080000+00:00","","https://cdn.discordapp.com/attachments/1034970938195841024/1220314106150649968/IMG_20240320_233800_753.jpg?ex=662a2c93&is=6617b793&hm=0c830baae1963a783629f1aa1b9fdf6eccf4645abf615541f688028b5b7b0c1f&",""
"437808476106784770","Arcane#7800","2024-03-21T10:12:35.7280000+00:00","@0xdmo has reached level **2**. GG!","",""
"343019935066357764","solomon8802","2024-03-22T17:54:26.9600000+00:00","Aren't we in a dump already?","",""
"862033920035258448","jamiealethieum","2024-03-22T21:22:07.0710000+00:00","Hey! Our volume is not showing on the dashboard :  could someone take a look for us please : )","",""
"846048194608496640","cm_sake","2024-03-22T21:32:21.3030000+00:00","z-score updates hourly ser","",""
"862033920035258448","jamiealethieum","2024-03-22T21:32:51.1180000+00:00","z-score? we dont get a z-score","",""
"862033920035258448","jamiealethieum","2024-03-22T21:35:11.4080000+00:00","This is in regards to the MM dashboard","",""
"437808476106784770","Arcane#7800","2024-03-22T21:35:11.5590000+00:00","@Jamie | Alethieum has reached level **1**. GG!","",""
"862033920035258448","jamiealethieum","2024-03-22T21:35:19.5920000+00:00","whoop","",""
"846048194608496640","cm_sake","2024-03-22T21:37:01.4860000+00:00","ah MM. let us check. can you #✅┃open-a-ticket please","",""
"862033920035258448","jamiealethieum","2024-03-22T21:38:21.0690000+00:00","Awesome! will do that now","","🫡 (1)"
"422128626834604034","ht0719","2024-03-24T20:40:13.2660000+00:00","Can we get Long Boi ?","",""
"846048194608496640","cm_sake","2024-03-24T20:57:32.7080000+00:00","","","💜 (1)"
"852447738863812608","vrezhh","2024-03-31T11:06:35.0530000+00:00","as market maker will I get Z points as before?","",""
"955744627481255976","awesomeQA#0813","2024-03-31T11:06:47.6470000+00:00","","",""
"862033920035258448","jamiealethieum","2024-04-01T12:00:47.6130000+00:00","Depends if you are a whitelisted MM. If you have registered then no. Whitelisted MMs are excluded from Z points","","❤️ (1)"
"1110141913656459276","0xjen","2024-04-01T14:05:44.1890000+00:00","says the MM hehe 💯","","💜 (1)"
"862033920035258448","jamiealethieum","2024-04-01T15:27:59.7590000+00:00","https://tenor.com/view/im-doing-my-part-serious-stare-gif-11979677","",""
"929386902753263698","froginmoney","2024-04-01T16:59:39.9410000+00:00","Do you know how to get more points for roles?","",""
"955744627481255976","awesomeQA#0813","2024-04-01T17:00:03.4110000+00:00","","",""
"929386902753263698","froginmoney","2024-04-01T17:01:16.8970000+00:00","okey","",""
"437808476106784770","Arcane#7800","2024-04-01T17:01:17.1920000+00:00","@FroginMoney has reached level **4**. GG!","",""
"783697202219581481","billfeik","2024-04-02T07:02:24.1240000+00:00","Pls more homework I want to do point!!","",""
"955744627481255976","awesomeQA#0813","2024-04-02T07:02:42.5120000+00:00","","",""
"1110141913656459276","0xjen","2024-04-02T08:02:12.7970000+00:00","This channel is for market-making related questions, please head to #💬│water-cooler or #❓│questions instead. Thanks!","",""
"1093082345826947194","5irechain5","2024-04-02T08:52:19.8110000+00:00","ince","",""
"917198969459851295","haitas.","2024-04-03T19:40:49.1970000+00:00","Zm","",""
"816060964063281202","husnimubarak","2024-04-04T10:21:28.6410000+00:00","Zm","",""
"485884442016219136","neil_ftr","2024-04-04T12:48:32.3120000+00:00","GM guys","",""
"437808476106784770","Arcane#7800","2024-04-04T12:48:32.5430000+00:00","@Neil_FTR has reached level **1**. GG!","",""
"485884442016219136","neil_ftr","2024-04-04T12:49:03.1050000+00:00","I hope everyone is well, i just realized that there were maker fees, with a tier system, on Zeta","",""
"485884442016219136","neil_ftr","2024-04-04T12:50:08.0760000+00:00","I was wondering since when that is live, and what are the requirements to become a registered market maker","",""
"955744627481255976","awesomeQA#0813","2024-04-04T12:50:30.2400000+00:00","","",""
"1224042442936946731","maxpakh8","2024-04-04T15:11:41.3950000+00:00","👍","",""
"634736662429171712","frankliinsouza","2024-04-05T01:44:35.9660000+00:00","🔥","",""
"706120141599146025","remgar.","2024-04-05T09:15:50.1700000+00:00","go","",""
"943076501237170188","sahathon","2024-04-06T08:26:25.4750000+00:00","🧐","",""
"702264277326626878","tristan0x","2024-04-07T04:38:27.7610000+00:00","Requirements are all listed in the public MM program docs","",""
"890739017132437515","stoull","2024-04-07T17:48:25.8430000+00:00","to be an mm","",""
"890739017132437515","stoull","2024-04-07T17:48:30.3360000+00:00","do we needa quote all mkts?","",""
"846048194608496640","cm_sake","2024-04-07T17:51:44.0730000+00:00","check the details about MM incentives program here
https://blog.zeta.markets/blog/maker-incentives-program

if you are interested, do fill the form too","",""
"890739017132437515","stoull","2024-04-07T17:54:22.8600000+00:00","```
Minimum Volume Share per Market
Market makers must meet a minimum volume share of 1% of maker volume on that market to be eligible.
```","",""
"437808476106784770","Arcane#7800","2024-04-07T17:54:23.1080000+00:00","@wins has reached level **2**. GG!","",""
"955744627481255976","awesomeQA#0813","2024-04-07T17:54:34.7520000+00:00","","",""
"890739017132437515","stoull","2024-04-07T17:54:48.3510000+00:00","I assume this means, as long as we are in for a given market, we can retain MM status?","",""
"846048194608496640","cm_sake","2024-04-07T17:57:02.6560000+00:00","you'll have to apply for it first","",""
"890739017132437515","stoull","2024-04-07T17:57:32.4150000+00:00","yep haha, just want to make sure that i'd be able to satisfy the requirements before i apply","",""
"846048194608496640","cm_sake","2024-04-07T17:59:12.2590000+00:00","the eligibility requirement is as shown in the blog post. there are maximu, spread per market, minimum Aggregate Depth per Market, Minimum Uptime per Market and Minimum Volume Share per Market","",""
"890739017132437515","stoull","2024-04-07T18:00:05.1860000+00:00","yep, i get that part. i think im mainly wondering, will i be required to quote every pai","",""
"890739017132437515","stoull","2024-04-07T18:00:07.2420000+00:00","pair*","",""
"890739017132437515","stoull","2024-04-07T18:00:16.9330000+00:00","or can i start off, with a 1 or 2?","",""
"890739017132437515","stoull","2024-04-07T18:00:38.3290000+00:00","its a large difference in capital requirements","",""
"846048194608496640","cm_sake","2024-04-07T18:06:35.8170000+00:00","let me confirm this","",""
"846048194608496640","cm_sake","2024-04-07T18:06:58.6630000+00:00","but 1 thing is clear that each market will have its own rewards pool weighted differently","",""
"890739017132437515","stoull","2024-04-07T18:09:09.3400000+00:00","thanks for bearing with me, just want to make sure i dont waste you guys' time 😅","",""
"846048194608496640","cm_sake","2024-04-07T18:18:12.4910000+00:00","no worries","",""
"1020694638467760148","fb7852","2024-04-09T15:37:29.3780000+00:00","hii","",""
"871553635123855401","rs10009764","2024-04-09T15:38:33.8960000+00:00","season 1 ss is taken ?","",""
"955744627481255976","awesomeQA#0813","2024-04-09T15:38:54.3730000+00:00","","",""
"1110141913656459276","0xjen","2024-04-09T16:16:57.0700000+00:00","Yes there’s already an S1 wrapped section where you can view your z-score from S1. It’s under maintenance though so will be back up when sorted","",""
"1217777939026935880","patre1.","2024-04-10T03:11:21.2440000+00:00","gm","",""
"1110141913656459276","0xjen","2024-04-10T09:52:24.5260000+00:00","zm!","",""
"1090227732715143270","makar33755","2024-04-10T13:59:48.2510000+00:00","zm","",""
"590221826408316939","impulseer","2024-04-10T18:07:16.3890000+00:00","gm","",""
"387707972559699968","ap01x","2024-04-10T18:09:19.3980000+00:00","Gm fam","",""
"1211289428727697469","riba667788","2024-04-10T18:43:06.6940000+00:00","zm","",""
"1182454409976877116","legolas3637","2024-04-10T19:37:14.2380000+00:00","How can ı take Z fighter role","",""
"955744627481255976","awesomeQA#0813","2024-04-10T19:37:31.1500000+00:00","","",""
"1182454409976877116","legolas3637","2024-04-10T19:40:33.7180000+00:00","Where is question","",""
"437808476106784770","Arcane#7800","2024-04-10T19:40:33.9720000+00:00","@legolas3637 has reached level **1**. GG!","",""
"1182454409976877116","legolas3637","2024-04-10T19:41:00.6920000+00:00","Where","",""
"1182454409976877116","legolas3637","2024-04-10T19:41:44.4800000+00:00","And someone has MAD role I dont know how can ı take these role","",""
"846048194608496640","cm_sake","2024-04-10T19:42:03.6730000+00:00","it given during mad wars","",""
"955744627481255976","awesomeQA#0813","2024-04-10T19:42:11.0830000+00:00","","",""
"1182454409976877116","legolas3637","2024-04-10T19:43:44.4400000+00:00","Where form","",""
"846048194608496640","cm_sake","2024-04-10T19:44:59.6580000+00:00","please do follow bot instruction, its clear i think","",""
"1182454409976877116","legolas3637","2024-04-10T19:48:37.8430000+00:00","I do it büt did not give","",""
"846048194608496640","cm_sake","2024-04-10T19:49:34.8650000+00:00","#💪┃start","",""
"1182454409976877116","legolas3637","2024-04-10T19:50:14.7390000+00:00","Okay thanks","",""
"1182454409976877116","legolas3637","2024-04-10T19:50:44.0760000+00:00","I cant take MAD role is İt right?","",""
"846048194608496640","cm_sake","2024-04-10T19:54:55.5010000+00:00","yes","",""
"797229287030652959","teacher8308","2024-04-10T19:58:48.2050000+00:00","👍","",""
"942383259994710016","ins0ll","2024-04-10T21:03:30.4000000+00:00","ok","",""
"1190595601499430943","levelninety.","2024-04-11T10:42:38.6000000+00:00","ZM","",""
"1190595601499430943","levelninety.","2024-04-11T10:42:52.3850000+00:00","sry","",""
"705903586575384657","rodrigoteolima","2024-04-11T20:27:23.0790000+00:00","zm","",""
"1224484530849579040","ccunha_59371","2024-04-12T16:18:07.0210000+00:00","zm","",""
"1228478417612181545","grabriel_0","2024-04-13T13:05:11.7880000+00:00","zm","",""
"1095090861559267428","cryptonewbies111","2024-04-14T22:41:29.1070000+00:00","zm","",""
